{"nm":"Hiro-Meditationsvg","ddd":0,"h":800,"w":800,"meta":{"g":"@lottiefiles/toolkit-js 0.33.2"},"layers":[{"ty":4,"nm":"Apple Outlines","sr":1,"st":0,"op":96,"ip":0,"hd":false,"ddd":0,"bm":0,"hasMask":false,"ao":0,"ks":{"a":{"a":0,"k":[369.081,190.132,0],"ix":1},"s":{"a":0,"k":[100,100,100],"ix":6},"sk":{"a":0,"k":0},"p":{"a":1,"k":[{"o":{"x":0.167,"y":0.167},"i":{"x":0.833,"y":0.833},"s":[369.081,187.048,0],"t":0,"ti":[0,0,0],"to":[-1.315,3.57,0]},{"o":{"x":0.167,"y":0.167},"i":{"x":0.833,"y":0.833},"s":[361.19,208.466,0],"t":48,"ti":[-1.315,3.57,0],"to":[0,0,0]},{"s":[369.081,187.048,0],"t":95}],"ix":2},"r":{"a":0,"k":0,"ix":10},"sa":{"a":0,"k":0},"o":{"a":0,"k":100,"ix":11}},"ef":[],"shapes":[{"ty":"gr","bm":0,"hd":false,"mn":"ADBE Vector Group","nm":"Group 1","ix":1,"cix":2,"np":6,"it":[{"ty":"sh","bm":0,"hd":false,"mn":"ADBE Vector Shape - Group","nm":"Path 1","ix":1,"d":1,"ks":{"a":0,"k":{"c":true,"i":[[1.63,0.296],[-2.414,0.212]],"o":[[-0.169,-2.622],[0.332,3.024]],"v":[[0.973,-5.72],[5.319,-10.71]]},"ix":2}},{"ty":"sh","bm":0,"hd":false,"mn":"ADBE Vector Shape - Group","nm":"Path 2","ix":2,"d":1,"ks":{"a":0,"k":{"c":true,"i":[[0,0],[1.192,0.525],[1.339,-0.568],[1.004,0.93],[-6.436,0.339],[-0.92,-0.065],[-1.463,-0.105],[-0.876,-1.262],[-3.318,-1.353],[1.429,-1.29]],"o":[[-1.133,1.112],[-1.265,-0.534],[-1.664,0.728],[-5.661,-5.899],[1.559,0.085],[1.367,-0.281],[1.758,0.144],[-3.614,2.199],[-0.665,1.766],[0,0]],"v":[[6.802,9.567],[3.229,9.981],[-0.532,9.981],[-4.083,9.567],[-2.473,-5.656],[1.098,-4.717],[5.236,-5.698],[9.183,-3.59],[9.745,4.783],[6.8,9.582]]},"ix":2}},{"ty":"mm","bm":0,"hd":false,"mn":"ADBE Vector Filter - Merge","nm":"Merge Paths 1","mm":1},{"ty":"fl","bm":0,"hd":false,"mn":"ADBE Vector Graphic - Fill","nm":"Fill 1","c":{"a":0,"k":[0,0,0],"ix":4},"r":1,"o":{"a":0,"k":100,"ix":5}},{"ty":"tr","a":{"a":0,"k":[0,0],"ix":1},"s":{"a":0,"k":[100,100],"ix":3},"sk":{"a":0,"k":0,"ix":4},"p":{"a":0,"k":[365.687,189.343],"ix":2},"r":{"a":0,"k":0,"ix":6},"sa":{"a":0,"k":0,"ix":5},"o":{"a":0,"k":100,"ix":7}}]},{"ty":"gr","bm":0,"hd":false,"mn":"ADBE Vector Group","nm":"Group 2","ix":2,"cix":2,"np":4,"it":[{"ty":"sh","bm":0,"hd":false,"mn":"ADBE Vector Shape - Group","nm":"Path 1","ix":1,"d":1,"ks":{"a":0,"k":{"c":true,"i":[[-9.399,0],[0,-9.4],[9.4,0],[0,9.399]],"o":[[9.4,0],[0,9.399],[-9.399,0],[0,-9.4]],"v":[[0,-17.02],[17.021,0.001],[0,17.02],[-17.021,0.001]]},"ix":2}},{"ty":"fl","bm":0,"hd":false,"mn":"ADBE Vector Graphic - Fill","nm":"Fill 1","c":{"a":0,"k":[0.2039,0.3216,0.3922],"ix":4},"r":1,"o":{"a":0,"k":100,"ix":5}},{"ty":"tr","a":{"a":0,"k":[0,0],"ix":1},"s":{"a":0,"k":[100,100],"ix":3},"sk":{"a":0,"k":0,"ix":4},"p":{"a":0,"k":[366.631,189.199],"ix":2},"r":{"a":0,"k":0,"ix":6},"sa":{"a":0,"k":0,"ix":5},"o":{"a":0,"k":100,"ix":7}}]}],"ind":1,"parent":11},{"ty":4,"nm":"Finger Outlines","sr":1,"st":0,"op":96,"ip":0,"hd":false,"ddd":0,"bm":0,"hasMask":false,"ao":0,"ks":{"a":{"a":0,"k":[301.444,145.041,0],"ix":1},"s":{"a":0,"k":[100,100,100],"ix":6},"sk":{"a":0,"k":0},"p":{"a":1,"k":[{"o":{"x":0.167,"y":0.167},"i":{"x":0.833,"y":0.833},"s":[301.444,141.957,0],"t":0,"ti":[0,0,0],"to":[4.697,-0.752,0]},{"o":{"x":0.167,"y":0.167},"i":{"x":0.833,"y":0.833},"s":[329.626,137.448,0],"t":48,"ti":[4.697,-0.752,0],"to":[0,0,0]},{"s":[301.444,141.957,0],"t":95}],"ix":2},"r":{"a":0,"k":0,"ix":10},"sa":{"a":0,"k":0},"o":{"a":0,"k":100,"ix":11}},"ef":[],"shapes":[{"ty":"gr","bm":0,"hd":false,"mn":"ADBE Vector Group","nm":"Group 1","ix":1,"cix":2,"np":4,"it":[{"ty":"sh","bm":0,"hd":false,"mn":"ADBE Vector Shape - Group","nm":"Path 1","ix":1,"d":1,"ks":{"a":0,"k":{"c":true,"i":[[0.091,6.648],[-1.276,0],[0,-1.184],[1.272,-4.371],[1.001,0],[-0.273,0.911]],"o":[[0,-1.184],[1.181,0],[0.093,9.106],[-0.274,1.002],[-1.909,0],[1.729,-6.374]],"v":[[-0.819,-9.927],[1.366,-12.112],[3.547,-9.927],[0.819,10.564],[-1.275,12.112],[-3.367,9.379]]},"ix":2}},{"ty":"fl","bm":0,"hd":false,"mn":"ADBE Vector Graphic - Fill","nm":"Fill 1","c":{"a":0,"k":[0,0.7882,0.5333],"ix":4},"r":1,"o":{"a":0,"k":100,"ix":5}},{"ty":"tr","a":{"a":0,"k":[0,0],"ix":1},"s":{"a":0,"k":[100,100],"ix":3},"sk":{"a":0,"k":0,"ix":4},"p":{"a":0,"k":[299.337,158.088],"ix":2},"r":{"a":0,"k":0,"ix":6},"sa":{"a":0,"k":0,"ix":5},"o":{"a":0,"k":100,"ix":7}}]},{"ty":"gr","bm":0,"hd":false,"mn":"ADBE Vector Group","nm":"Group 2","ix":2,"cix":2,"np":4,"it":[{"ty":"sh","bm":0,"hd":false,"mn":"ADBE Vector Shape - Group","nm":"Path 1","ix":1,"d":1,"ks":{"a":0,"k":{"c":true,"i":[[0,4.372],[-5.548,0],[-0.09,-5.008],[0.819,-4.554],[1.82,0.364],[-0.183,1.184],[0,4.372],[2.821,0],[-0.093,-2.367],[1,-4.553],[1.182,0.182],[-0.183,1.184]],"o":[[-0.091,-4.917],[5.188,0.092],[0,4.645],[0,0.364],[-1.183,-0.182],[0.728,-4.28],[-0.093,-2.732],[-3.093,0],[0,4.736],[-0.183,1.184],[-1.183,-0.273],[0.909,-4.189]],"v":[[-8.734,-3.461],[0.636,-12.659],[10.189,-3.37],[9.097,10.565],[6.64,12.294],[4.822,9.836],[5.824,-3.279],[0.546,-8.288],[-4.366,-3.551],[-5.731,10.382],[-8.278,12.113],[-10.006,9.471]]},"ix":2}},{"ty":"fl","bm":0,"hd":false,"mn":"ADBE Vector Graphic - Fill","nm":"Fill 1","c":{"a":0,"k":[0,0.5647,0.4941],"ix":4},"r":1,"o":{"a":0,"k":100,"ix":5}},{"ty":"tr","a":{"a":0,"k":[0,0],"ix":1},"s":{"a":0,"k":[100,100],"ix":3},"sk":{"a":0,"k":0,"ix":4},"p":{"a":0,"k":[299.972,151.257],"ix":2},"r":{"a":0,"k":0,"ix":6},"sa":{"a":0,"k":0,"ix":5},"o":{"a":0,"k":100,"ix":7}}]},{"ty":"gr","bm":0,"hd":false,"mn":"ADBE Vector Group","nm":"Group 3","ix":3,"cix":2,"np":4,"it":[{"ty":"sh","bm":0,"hd":false,"mn":"ADBE Vector Shape - Group","nm":"Path 1","ix":1,"d":1,"ks":{"a":0,"k":{"c":true,"i":[[-2.274,2.914],[-0.911,-0.729],[0.729,-1.002],[-0.091,-2.732],[0.636,-3.643],[1.819,0.364],[-0.181,1.275],[0,3.46]],"o":[[0.818,-0.911],[0.909,0.729],[-1.728,2.094],[0,3.642],[-0.093,0.455],[-1.182,-0.182],[0.638,-3.278],[-0.093,-3.643]],"v":[[0.182,-11.156],[3.275,-11.428],[3.638,-8.332],[1.091,-0.956],[0.182,10.064],[-2.366,11.793],[-4.186,9.243],[-3.275,-0.956]]},"ix":2}},{"ty":"fl","bm":0,"hd":false,"mn":"ADBE Vector Graphic - Fill","nm":"Fill 1","c":{"a":0,"k":[0,0.5647,0.4941],"ix":4},"r":1,"o":{"a":0,"k":100,"ix":5}},{"ty":"tr","a":{"a":0,"k":[0,0],"ix":1},"s":{"a":0,"k":[100,100],"ix":3},"sk":{"a":0,"k":0,"ix":4},"p":{"a":0,"k":[287.24,148.204],"ix":2},"r":{"a":0,"k":0,"ix":6},"sa":{"a":0,"k":0,"ix":5},"o":{"a":0,"k":100,"ix":7}}]},{"ty":"gr","bm":0,"hd":false,"mn":"ADBE Vector Group","nm":"Group 4","ix":4,"cix":2,"np":4,"it":[{"ty":"sh","bm":0,"hd":false,"mn":"ADBE Vector Shape - Group","nm":"Path 1","ix":1,"d":1,"ks":{"a":0,"k":{"c":true,"i":[[-1.183,0.273],[-1.456,-0.09],[-0.18,-8.925],[0,0],[0.365,-3.187],[1.546,0.182],[-0.09,1.184],[0,3.461],[6.823,0.091],[1.001,-0.182],[0.273,1.184]],"o":[[1.365,-0.364],[9.187,0.092],[0,0],[0,3.278],[-0.091,0.911],[-1.182,-0.092],[0.364,-3.461],[-0.09,-6.648],[-1.09,0],[-1.183,0.273],[-0.273,-1.093]],"v":[[-9.597,-14.253],[-5.411,-14.709],[11.508,1.775],[11.508,3.05],[10.963,12.704],[8.507,14.617],[6.596,12.248],[7.142,1.867],[-5.504,-10.337],[-8.597,-10.063],[-11.235,-11.702]]},"ix":2}},{"ty":"fl","bm":0,"hd":false,"mn":"ADBE Vector Graphic - Fill","nm":"Fill 1","c":{"a":0,"k":[0,0.5647,0.4941],"ix":4},"r":1,"o":{"a":0,"k":100,"ix":5}},{"ty":"tr","a":{"a":0,"k":[0,0],"ix":1},"s":{"a":0,"k":[100,100],"ix":3},"sk":{"a":0,"k":0,"ix":4},"p":{"a":0,"k":[305.935,145.841],"ix":2},"r":{"a":0,"k":0,"ix":6},"sa":{"a":0,"k":0,"ix":5},"o":{"a":0,"k":100,"ix":7}}]},{"ty":"gr","bm":0,"hd":false,"mn":"ADBE Vector Group","nm":"Group 5","ix":5,"cix":2,"np":4,"it":[{"ty":"sh","bm":0,"hd":false,"mn":"ADBE Vector Shape - Group","nm":"Path 1","ix":1,"d":1,"ks":{"a":0,"k":{"c":true,"i":[[-1.183,0.273],[-0.274,-1.183],[0.09,-2.003],[1.273,0],[0,1.184],[0.364,2.003]],"o":[[1.183,-0.273],[0.546,2.55],[0,1.275],[-1.181,0],[0.091,-2.185],[-0.273,-1.184]],"v":[[-0.636,-5.055],[2.001,-3.416],[2.458,3.141],[0.273,5.327],[-1.91,3.141],[-2.274,-2.505]]},"ix":2}},{"ty":"fl","bm":0,"hd":false,"mn":"ADBE Vector Graphic - Fill","nm":"Fill 1","c":{"a":0,"k":[0,0.7882,0.5333],"ix":4},"r":1,"o":{"a":0,"k":100,"ix":5}},{"ty":"tr","a":{"a":0,"k":[0,0],"ix":1},"s":{"a":0,"k":[100,100],"ix":3},"sk":{"a":0,"k":0,"ix":4},"p":{"a":0,"k":[321.45,145.567],"ix":2},"r":{"a":0,"k":0,"ix":6},"sa":{"a":0,"k":0,"ix":5},"o":{"a":0,"k":100,"ix":7}}]},{"ty":"gr","bm":0,"hd":false,"mn":"ADBE Vector Group","nm":"Group 6","ix":6,"cix":2,"np":4,"it":[{"ty":"sh","bm":0,"hd":false,"mn":"ADBE Vector Shape - Group","nm":"Path 1","ix":1,"d":1,"ks":{"a":0,"k":{"c":true,"i":[[0.727,1.001],[7.734,0.092],[4.367,-4.371],[-0.093,-5.919],[0,0],[-1.183,0],[0,0],[0,1.184],[0,0],[-3.366,3.46],[-5.185,-0.091],[-3.639,-5.191],[-1.002,0.638]],"o":[[-4.368,-6.284],[-6.277,-0.091],[-4.185,4.281],[0,0],[-0.093,1.183],[0,0],[1.092,0],[0,0],[-0.09,-4.736],[3.548,-3.461],[6.276,0.091],[0.729,1.002],[0.909,-0.728]],"v":[[20.835,-3.051],[1.456,-13.251],[-15.101,-6.693],[-21.468,9.152],[-21.468,11.156],[-19.376,13.342],[-19.286,13.342],[-17.192,11.247],[-17.102,9.062],[-12.008,-3.597],[1.456,-8.878],[17.286,-0.501],[20.379,0.045]]},"ix":2}},{"ty":"fl","bm":0,"hd":false,"mn":"ADBE Vector Graphic - Fill","nm":"Fill 1","c":{"a":0,"k":[0,0.7882,0.5333],"ix":4},"r":1,"o":{"a":0,"k":100,"ix":5}},{"ty":"tr","a":{"a":0,"k":[0,0],"ix":1},"s":{"a":0,"k":[100,100],"ix":3},"sk":{"a":0,"k":0,"ix":4},"p":{"a":0,"k":[298.884,136.914],"ix":2},"r":{"a":0,"k":0,"ix":6},"sa":{"a":0,"k":0,"ix":5},"o":{"a":0,"k":100,"ix":7}}]},{"ty":"gr","bm":0,"hd":false,"mn":"ADBE Vector Group","nm":"Group 7","ix":7,"cix":2,"np":4,"it":[{"ty":"sh","bm":0,"hd":false,"mn":"ADBE Vector Shape - Group","nm":"Path 1","ix":1,"d":1,"ks":{"a":0,"k":{"c":true,"i":[[-20.562,0],[0,-20.562],[20.562,0],[0,20.562]],"o":[[20.562,0],[0,20.562],[-20.562,0],[0,-20.562]],"v":[[0,-37.23],[37.23,0],[0,37.23],[-37.23,0]]},"ix":2}},{"ty":"fl","bm":0,"hd":false,"mn":"ADBE Vector Graphic - Fill","nm":"Fill 1","c":{"a":0,"k":[0.2039,0.3216,0.3922],"ix":4},"r":1,"o":{"a":0,"k":100,"ix":5}},{"ty":"tr","a":{"a":0,"k":[0,0],"ix":1},"s":{"a":0,"k":[100,100],"ix":3},"sk":{"a":0,"k":0,"ix":4},"p":{"a":0,"k":[300.68,146.933],"ix":2},"r":{"a":0,"k":0,"ix":6},"sa":{"a":0,"k":0,"ix":5},"o":{"a":0,"k":100,"ix":7}}]}],"ind":2,"parent":11},{"ty":4,"nm":"Google Outlines","sr":1,"st":0,"op":96,"ip":0,"hd":false,"ddd":0,"bm":0,"hasMask":false,"ao":0,"ks":{"a":{"a":0,"k":[308.208,71.769,0],"ix":1},"s":{"a":0,"k":[100,100,100],"ix":6},"sk":{"a":0,"k":0},"p":{"a":1,"k":[{"o":{"x":0.167,"y":0.167},"i":{"x":0.833,"y":0.833},"s":[308.208,68.685,0],"t":0,"ti":[0,0,0],"to":[-3.382,1.503,0]},{"o":{"x":0.167,"y":0.167},"i":{"x":0.833,"y":0.833},"s":[287.917,77.703,0],"t":48,"ti":[-3.382,1.503,0],"to":[0,0,0]},{"s":[308.208,68.685,0],"t":95}],"ix":2},"r":{"a":0,"k":0,"ix":10},"sa":{"a":0,"k":0},"o":{"a":0,"k":100,"ix":11}},"ef":[],"shapes":[{"ty":"gr","bm":0,"hd":false,"mn":"ADBE Vector Group","nm":"Group 1","ix":1,"cix":2,"np":4,"it":[{"ty":"sh","bm":0,"hd":false,"mn":"ADBE Vector Shape - Group","nm":"Path 1","ix":1,"d":1,"ks":{"a":0,"k":{"c":true,"i":[[-3.15,0],[-0.86,-0.808],[0,0],[3.217,0],[1.96,-3.892],[0,0]],"o":[[2.237,0],[0,0],[-2.066,-1.919],[-4.659,0],[0,0],[0.965,-2.873]],"v":[[1.337,-0.173],[5.943,1.602],[9.306,-1.681],[1.337,-4.779],[-9.306,1.786],[-5.453,4.779]]},"ix":2}},{"ty":"fl","bm":0,"hd":false,"mn":"ADBE Vector Graphic - Fill","nm":"Fill 1","c":{"a":0,"k":[0.9216,0.2627,0.2078],"ix":4},"r":1,"o":{"a":0,"k":100,"ix":5}},{"ty":"tr","a":{"a":0,"k":[0,0],"ix":1},"s":{"a":0,"k":[100,100],"ix":3},"sk":{"a":0,"k":0,"ix":4},"p":{"a":0,"k":[306.784,66.12],"ix":2},"r":{"a":0,"k":0,"ix":6},"sa":{"a":0,"k":0,"ix":5},"o":{"a":0,"k":100,"ix":7}}]},{"ty":"gr","bm":0,"hd":false,"mn":"ADBE Vector Group","nm":"Group 2","ix":2,"cix":2,"np":4,"it":[{"ty":"sh","bm":0,"hd":false,"mn":"ADBE Vector Shape - Group","nm":"Path 1","ix":1,"d":1,"ks":{"a":0,"k":{"c":true,"i":[[0,0],[0,0.82],[-0.238,0.741],[0,0],[0,0],[0,0],[0,-1.919],[-0.807,-1.616]],"o":[[-0.251,-0.741],[0,-0.821],[0,0],[0,0],[0,0],[-0.807,1.615],[0,1.919],[0,0]],"v":[[2.568,2.385],[2.172,0.029],[2.555,-2.327],[2.547,-2.485],[-1.176,-5.377],[-1.297,-5.319],[-2.568,0.029],[-1.297,5.377]]},"ix":2}},{"ty":"fl","bm":0,"hd":false,"mn":"ADBE Vector Graphic - Fill","nm":"Fill 1","c":{"a":0,"k":[0.9843,0.7373,0.0196],"ix":4},"r":1,"o":{"a":0,"k":100,"ix":5}},{"ty":"tr","a":{"a":0,"k":[0,0],"ix":1},"s":{"a":0,"k":[100,100],"ix":3},"sk":{"a":0,"k":0,"ix":4},"p":{"a":0,"k":[298.775,73.228],"ix":2},"r":{"a":0,"k":0,"ix":6},"sa":{"a":0,"k":0,"ix":5},"o":{"a":0,"k":100,"ix":7}}]},{"ty":"gr","bm":0,"hd":false,"mn":"ADBE Vector Group","nm":"Group 3","ix":3,"cix":2,"np":4,"it":[{"ty":"sh","bm":0,"hd":false,"mn":"ADBE Vector Shape - Group","nm":"Path 1","ix":1,"d":1,"ks":{"a":0,"k":{"c":true,"i":[[-4.659,0],[-1.973,1.826],[0,0],[1.773,0],[0.952,2.872],[0,0],[0,0],[0,0]],"o":[[3.217,0],[0,0],[-1.006,0.701],[-3.15,0],[0,0],[0,0],[0,0],[1.96,3.891]],"v":[[1.377,4.778],[9.266,1.894],[5.507,-1.019],[1.377,0.173],[-5.4,-4.778],[-5.54,-4.766],[-9.217,-1.92],[-9.266,-1.786]]},"ix":2}},{"ty":"fl","bm":0,"hd":false,"mn":"ADBE Vector Graphic - Fill","nm":"Fill 1","c":{"a":0,"k":[0.2039,0.6588,0.3255],"ix":4},"r":1,"o":{"a":0,"k":100,"ix":5}},{"ty":"tr","a":{"a":0,"k":[0,0],"ix":1},"s":{"a":0,"k":[100,100],"ix":3},"sk":{"a":0,"k":0,"ix":4},"p":{"a":0,"k":[306.743,80.391],"ix":2},"r":{"a":0,"k":0,"ix":6},"sa":{"a":0,"k":0,"ix":5},"o":{"a":0,"k":100,"ix":7}}]},{"ty":"gr","bm":0,"hd":false,"mn":"ADBE Vector Group","nm":"Group 4","ix":4,"cix":2,"np":4,"it":[{"ty":"sh","bm":0,"hd":false,"mn":"ADBE Vector Shape - Group","nm":"Path 1","ix":1,"d":1,"ks":{"a":0,"k":{"c":true,"i":[[0,3.627],[0.173,0.742],[0,0],[0,0],[0,0],[1.589,-1.112],[0,0],[0,0],[0,0]],"o":[[0,-0.979],[0,0],[0,0],[0,0],[-0.132,1.099],[0,0],[0,0],[0,0],[2.25,-2.078]],"v":[[5.718,-3.164],[5.467,-5.599],[-5.718,-5.599],[-5.718,-1.178],[0.847,-1.178],[-1.588,2.688],[-1.61,2.836],[1.926,5.574],[2.17,5.599]]},"ix":2}},{"ty":"fl","bm":0,"hd":false,"mn":"ADBE Vector Graphic - Fill","nm":"Fill 1","c":{"a":0,"k":[0.2588,0.5216,0.9569],"ix":4},"r":1,"o":{"a":0,"k":100,"ix":5}},{"ty":"tr","a":{"a":0,"k":[0,0],"ix":1},"s":{"a":0,"k":[100,100],"ix":3},"sk":{"a":0,"k":0,"ix":4},"p":{"a":0,"k":[313.836,76.678],"ix":2},"r":{"a":0,"k":0,"ix":6},"sa":{"a":0,"k":0,"ix":5},"o":{"a":0,"k":100,"ix":7}}]},{"ty":"gr","bm":0,"hd":false,"mn":"ADBE Vector Group","nm":"Group 5","ix":5,"cix":2,"np":4,"it":[{"ty":"sh","bm":0,"hd":false,"mn":"ADBE Vector Shape - Group","nm":"Path 1","ix":1,"d":1,"ks":{"a":0,"k":{"c":true,"i":[[-9.399,0],[0,-9.4],[9.399,0],[0,9.399]],"o":[[9.399,0],[0,9.399],[-9.399,0],[0,-9.4]],"v":[[0,-17.02],[17.02,0],[0,17.02],[-17.02,0]]},"ix":2}},{"ty":"fl","bm":0,"hd":false,"mn":"ADBE Vector Graphic - Fill","nm":"Fill 1","c":{"a":0,"k":[0.2039,0.3216,0.3922],"ix":4},"r":1,"o":{"a":0,"k":100,"ix":5}},{"ty":"tr","a":{"a":0,"k":[0,0],"ix":1},"s":{"a":0,"k":[100,100],"ix":3},"sk":{"a":0,"k":0,"ix":4},"p":{"a":0,"k":[308.122,73.253],"ix":2},"r":{"a":0,"k":0,"ix":6},"sa":{"a":0,"k":0,"ix":5},"o":{"a":0,"k":100,"ix":7}}]}],"ind":3,"parent":11},{"ty":4,"nm":"MFA Outlines","sr":1,"st":0,"op":96,"ip":0,"hd":false,"ddd":0,"bm":0,"hasMask":false,"ao":0,"ks":{"a":{"a":0,"k":[192.099,101.078,0],"ix":1},"s":{"a":0,"k":[100,100,100],"ix":6},"sk":{"a":0,"k":0},"p":{"a":1,"k":[{"o":{"x":0.167,"y":0.167},"i":{"x":0.833,"y":0.833},"s":[186.463,88.976,0],"t":0,"ti":[0,0,0],"to":[1.315,3.945,0]},{"o":{"x":0.167,"y":0.167},"i":{"x":0.833,"y":0.833},"s":[194.354,112.648,0],"t":48,"ti":[1.315,3.945,0],"to":[0,0,0]},{"s":[186.463,88.976,0],"t":95}],"ix":2},"r":{"a":0,"k":0,"ix":10},"sa":{"a":0,"k":0},"o":{"a":0,"k":100,"ix":11}},"ef":[],"shapes":[{"ty":"gr","bm":0,"hd":false,"mn":"ADBE Vector Group","nm":"Group 1","ix":1,"cix":2,"np":4,"it":[{"ty":"sh","bm":0,"hd":false,"mn":"ADBE Vector Shape - Group","nm":"Path 1","ix":1,"d":1,"ks":{"a":0,"k":{"c":true,"i":[[13.435,-9.946],[2.323,0.104],[1.717,1.243],[3.03,2.487],[0,0.829],[0,0],[-2.727,0],[0,0],[0,-2.693],[0,0],[0.608,-0.414]],"o":[[-1.717,1.243],[-2.424,0.104],[-13.435,-9.946],[-0.606,-0.414],[0,0],[0,-2.693],[0,0],[2.626,0],[0,0],[0,0.829],[-3.029,2.487]],"v":[[7.375,8.961],[0.001,13.209],[-7.475,8.961],[-24.949,-4.404],[-25.858,-6.372],[-25.858,-8.341],[-21.01,-13.313],[21.012,-13.313],[25.859,-8.341],[25.859,-6.372],[24.849,-4.404]]},"ix":2}},{"ty":"fl","bm":0,"hd":false,"mn":"ADBE Vector Graphic - Fill","nm":"Fill 1","c":{"a":0,"k":[0.6039,0.7373,1],"ix":4},"r":1,"o":{"a":0,"k":100,"ix":5}},{"ty":"tr","a":{"a":0,"k":[0,0],"ix":1},"s":{"a":0,"k":[100,100],"ix":3},"sk":{"a":0,"k":0,"ix":4},"p":{"a":0,"k":[190.164,92.487],"ix":2},"r":{"a":0,"k":0,"ix":6},"sa":{"a":0,"k":0,"ix":5},"o":{"a":0,"k":100,"ix":7}}]},{"ty":"gr","bm":0,"hd":false,"mn":"ADBE Vector Group","nm":"Group 2","ix":2,"cix":2,"np":6,"it":[{"ty":"sh","bm":0,"hd":false,"mn":"ADBE Vector Shape - Group","nm":"Path 1","ix":1,"d":1,"ks":{"a":0,"k":{"c":true,"i":[[-2.424,0.104],[-1.717,1.244],[-3.029,2.486],[0,0.829],[0,0],[2.626,0],[0,0],[0,-2.694],[0,0],[-0.606,-0.414],[-13.435,-9.945]],"o":[[2.323,0.104],[13.435,-9.945],[0.608,-0.414],[0,0],[0,-2.694],[0,0],[-2.727,0],[0,0],[0,0.829],[3.03,2.486],[1.717,1.244]],"v":[[0.001,6.63],[7.374,2.382],[24.848,-10.982],[25.858,-12.951],[25.858,-14.919],[21.011,-19.891],[-21.01,-19.891],[-25.859,-14.919],[-25.859,-12.951],[-24.95,-10.982],[-7.475,2.382]]},"ix":2}},{"ty":"sh","bm":0,"hd":false,"mn":"ADBE Vector Shape - Group","nm":"Path 2","ix":2,"d":1,"ks":{"a":0,"k":{"c":true,"i":[[0.404,-0.311],[10.304,-7.666],[3.535,0],[2.121,1.554],[2.323,1.864],[0,-0.517],[0,0],[-2.727,0],[0,0],[0,2.797],[0,0]],"o":[[-2.322,1.864],[-2.02,1.554],[-3.637,0],[-10.304,-7.666],[-0.404,-0.311],[0,0],[0,2.797],[0,0],[2.626,0],[0,0],[0,-0.517]],"v":[[24.848,-6.734],[9.294,5.076],[0.001,10.049],[-9.394,5.076],[-24.95,-6.734],[-25.859,-6.217],[-25.859,14.919],[-21.01,19.891],[21.011,19.891],[25.858,14.919],[25.858,-6.217]]},"ix":2}},{"ty":"mm","bm":0,"hd":false,"mn":"ADBE Vector Filter - Merge","nm":"Merge Paths 1","mm":1},{"ty":"fl","bm":0,"hd":false,"mn":"ADBE Vector Graphic - Fill","nm":"Fill 1","c":{"a":0,"k":[0,0.2431,0.8706],"ix":4},"r":1,"o":{"a":0,"k":100,"ix":5}},{"ty":"tr","a":{"a":0,"k":[0,0],"ix":1},"s":{"a":0,"k":[100,100],"ix":3},"sk":{"a":0,"k":0,"ix":4},"p":{"a":0,"k":[190.164,99.065],"ix":2},"r":{"a":0,"k":0,"ix":6},"sa":{"a":0,"k":0,"ix":5},"o":{"a":0,"k":100,"ix":7}}]},{"ty":"gr","bm":0,"hd":false,"mn":"ADBE Vector Group","nm":"Group 3","ix":3,"cix":2,"np":4,"it":[{"ty":"sh","bm":0,"hd":false,"mn":"ADBE Vector Shape - Group","nm":"Path 1","ix":1,"d":1,"ks":{"a":0,"k":{"c":true,"i":[[-25.849,0],[0,-25.849],[25.85,0],[0,25.849]],"o":[[25.85,0],[0,25.849],[-25.849,0],[0,-25.849]],"v":[[0,-46.804],[46.804,0],[0,46.804],[-46.804,0]]},"ix":2}},{"ty":"fl","bm":0,"hd":false,"mn":"ADBE Vector Graphic - Fill","nm":"Fill 1","c":{"a":0,"k":[0.2039,0.3216,0.3922],"ix":4},"r":1,"o":{"a":0,"k":100,"ix":5}},{"ty":"tr","a":{"a":0,"k":[0,0],"ix":1},"s":{"a":0,"k":[100,100],"ix":3},"sk":{"a":0,"k":0,"ix":4},"p":{"a":0,"k":[190.05,99.065],"ix":2},"r":{"a":0,"k":0,"ix":6},"sa":{"a":0,"k":0,"ix":5},"o":{"a":0,"k":100,"ix":7}}]}],"ind":4,"parent":11},{"ty":4,"nm":"Face Outlines","sr":1,"st":0,"op":96,"ip":0,"hd":false,"ddd":0,"bm":0,"hasMask":false,"ao":0,"ks":{"a":{"a":0,"k":[97.408,120.241,0],"ix":1},"s":{"a":0,"k":[100,100,100],"ix":6},"sk":{"a":0,"k":0},"p":{"a":1,"k":[{"o":{"x":0.167,"y":0.167},"i":{"x":0.833,"y":0.833},"s":[93.882,119.304,0],"t":0,"ti":[4.509,3.382,0],"to":[-5.588,-4.191,0]},{"o":{"x":0.167,"y":0.167},"i":{"x":0.833,"y":0.833},"s":[107.554,129.557,0],"t":48,"ti":[5.684,4.263,0],"to":[-2.274,-1.705,0]},{"s":[93.882,119.304,0],"t":95}],"ix":2},"r":{"a":0,"k":0,"ix":10},"sa":{"a":0,"k":0},"o":{"a":0,"k":100,"ix":11}},"ef":[],"shapes":[{"ty":"gr","bm":0,"hd":false,"mn":"ADBE Vector Group","nm":"Group 1","ix":1,"cix":2,"np":2,"it":[{"ty":"sh","bm":0,"hd":false,"mn":"ADBE Vector Shape - Group","nm":"Path 1","ix":1,"d":1,"ks":{"a":0,"k":{"c":true,"i":[[0,-0.34],[0,0],[0.277,0],[0,0],[0,-0.34],[-0.34,0],[0,0],[0,0.957],[0,0],[0.34,0]],"o":[[0,0],[0,0.276],[0,0],[-0.34,0],[0,0.341],[0,0],[0.957,0],[0,0],[0,-0.34],[-0.341,0]],"v":[[0.103,-2.668],[0.103,1.642],[-0.309,2.053],[-0.718,2.053],[-1.334,2.668],[-0.718,3.284],[-0.309,3.284],[1.334,1.642],[1.334,-2.668],[0.719,-3.284]]},"ix":2}},{"ty":"st","bm":0,"hd":false,"mn":"ADBE Vector Graphic - Stroke","nm":"Stroke 1","lc":1,"lj":1,"ml":4,"o":{"a":0,"k":100,"ix":4},"w":{"a":0,"k":1.064,"ix":5},"c":{"a":0,"k":[0.0196,0.4706,0.9882],"ix":3}},{"ty":"tr","a":{"a":0,"k":[0,0],"ix":1},"s":{"a":0,"k":[100,100],"ix":3},"sk":{"a":0,"k":0,"ix":4},"p":{"a":0,"k":[96.339,119.85],"ix":2},"r":{"a":0,"k":0,"ix":6},"sa":{"a":0,"k":0,"ix":5},"o":{"a":0,"k":100,"ix":7}}]},{"ty":"gr","bm":0,"hd":false,"mn":"ADBE Vector Group","nm":"Group 2","ix":2,"cix":2,"np":4,"it":[{"ty":"sh","bm":0,"hd":false,"mn":"ADBE Vector Shape - Group","nm":"Path 1","ix":1,"d":1,"ks":{"a":0,"k":{"c":true,"i":[[0,-0.34],[0,0],[0.277,0],[0,0],[0,-0.34],[-0.34,0],[0,0],[0,0.957],[0,0],[0.34,0]],"o":[[0,0],[0,0.276],[0,0],[-0.34,0],[0,0.341],[0,0],[0.957,0],[0,0],[0,-0.34],[-0.341,0]],"v":[[0.103,-2.668],[0.103,1.642],[-0.309,2.053],[-0.718,2.053],[-1.334,2.668],[-0.718,3.284],[-0.309,3.284],[1.334,1.642],[1.334,-2.668],[0.719,-3.284]]},"ix":2}},{"ty":"fl","bm":0,"hd":false,"mn":"ADBE Vector Graphic - Fill","nm":"Fill 1","c":{"a":0,"k":[0.0196,0.4706,0.9882],"ix":4},"r":1,"o":{"a":0,"k":100,"ix":5}},{"ty":"tr","a":{"a":0,"k":[0,0],"ix":1},"s":{"a":0,"k":[100,100],"ix":3},"sk":{"a":0,"k":0,"ix":4},"p":{"a":0,"k":[96.339,119.85],"ix":2},"r":{"a":0,"k":0,"ix":6},"sa":{"a":0,"k":0,"ix":5},"o":{"a":0,"k":100,"ix":7}}]},{"ty":"gr","bm":0,"hd":false,"mn":"ADBE Vector Group","nm":"Group 3","ix":3,"cix":2,"np":2,"it":[{"ty":"sh","bm":0,"hd":false,"mn":"ADBE Vector Shape - Group","nm":"Path 1","ix":1,"d":1,"ks":{"a":0,"k":{"c":true,"i":[[-0.249,-0.232],[-1.592,0],[-1.14,1.065],[0.232,0.249],[0.249,-0.232],[1.281,0],[0.912,0.85],[0.232,-0.248]],"o":[[1.141,1.065],[1.592,0],[0.25,-0.232],[-0.232,-0.248],[-0.911,0.85],[-1.282,0],[-0.248,-0.232],[-0.232,0.249]],"v":[[-4.115,-0.235],[0,1.367],[4.114,-0.235],[4.145,-1.106],[3.274,-1.135],[0,0.136],[-3.275,-1.135],[-4.145,-1.106]]},"ix":2}},{"ty":"st","bm":0,"hd":false,"mn":"ADBE Vector Graphic - Stroke","nm":"Stroke 1","lc":1,"lj":1,"ml":4,"o":{"a":0,"k":100,"ix":4},"w":{"a":0,"k":1.064,"ix":5},"c":{"a":0,"k":[0.0196,0.4706,0.9882],"ix":3}},{"ty":"tr","a":{"a":0,"k":[0,0],"ix":1},"s":{"a":0,"k":[100,100],"ix":3},"sk":{"a":0,"k":0,"ix":4},"p":{"a":0,"k":[96.445,125.873],"ix":2},"r":{"a":0,"k":0,"ix":6},"sa":{"a":0,"k":0,"ix":5},"o":{"a":0,"k":100,"ix":7}}]},{"ty":"gr","bm":0,"hd":false,"mn":"ADBE Vector Group","nm":"Group 4","ix":4,"cix":2,"np":4,"it":[{"ty":"sh","bm":0,"hd":false,"mn":"ADBE Vector Shape - Group","nm":"Path 1","ix":1,"d":1,"ks":{"a":0,"k":{"c":true,"i":[[-0.249,-0.232],[-1.592,0],[-1.14,1.065],[0.232,0.249],[0.249,-0.232],[1.281,0],[0.912,0.85],[0.232,-0.248]],"o":[[1.141,1.065],[1.592,0],[0.25,-0.232],[-0.232,-0.248],[-0.911,0.85],[-1.282,0],[-0.248,-0.232],[-0.232,0.249]],"v":[[-4.115,-0.235],[0,1.367],[4.114,-0.235],[4.145,-1.106],[3.274,-1.135],[0,0.136],[-3.275,-1.135],[-4.145,-1.106]]},"ix":2}},{"ty":"fl","bm":0,"hd":false,"mn":"ADBE Vector Graphic - Fill","nm":"Fill 1","c":{"a":0,"k":[0.0196,0.4706,0.9882],"ix":4},"r":1,"o":{"a":0,"k":100,"ix":5}},{"ty":"tr","a":{"a":0,"k":[0,0],"ix":1},"s":{"a":0,"k":[100,100],"ix":3},"sk":{"a":0,"k":0,"ix":4},"p":{"a":0,"k":[96.445,125.873],"ix":2},"r":{"a":0,"k":0,"ix":6},"sa":{"a":0,"k":0,"ix":5},"o":{"a":0,"k":100,"ix":7}}]},{"ty":"gr","bm":0,"hd":false,"mn":"ADBE Vector Group","nm":"Group 5","ix":5,"cix":2,"np":2,"it":[{"ty":"sh","bm":0,"hd":false,"mn":"ADBE Vector Shape - Group","nm":"Path 1","ix":1,"d":1,"ks":{"a":0,"k":{"c":true,"i":[[0,-0.346],[0,0],[-0.323,0],[0,0.347],[0,0],[0.323,0]],"o":[[0,0],[0,0.347],[0.323,0],[0,0],[0,-0.346],[-0.323,0]],"v":[[-0.585,-0.836],[-0.585,0.836],[0,1.463],[0.585,0.836],[0.585,-0.836],[0,-1.463]]},"ix":2}},{"ty":"st","bm":0,"hd":false,"mn":"ADBE Vector Graphic - Stroke","nm":"Stroke 1","lc":1,"lj":1,"ml":4,"o":{"a":0,"k":100,"ix":4},"w":{"a":0,"k":1.064,"ix":5},"c":{"a":0,"k":[0.0196,0.4706,0.9882],"ix":3}},{"ty":"tr","a":{"a":0,"k":[0,0],"ix":1},"s":{"a":0,"k":[100,100],"ix":3},"sk":{"a":0,"k":0,"ix":4},"p":{"a":0,"k":[101.339,118.028],"ix":2},"r":{"a":0,"k":0,"ix":6},"sa":{"a":0,"k":0,"ix":5},"o":{"a":0,"k":100,"ix":7}}]},{"ty":"gr","bm":0,"hd":false,"mn":"ADBE Vector Group","nm":"Group 6","ix":6,"cix":2,"np":4,"it":[{"ty":"sh","bm":0,"hd":false,"mn":"ADBE Vector Shape - Group","nm":"Path 1","ix":1,"d":1,"ks":{"a":0,"k":{"c":true,"i":[[0,-0.346],[0,0],[-0.323,0],[0,0.347],[0,0],[0.323,0]],"o":[[0,0],[0,0.347],[0.323,0],[0,0],[0,-0.346],[-0.323,0]],"v":[[-0.585,-0.836],[-0.585,0.836],[0,1.463],[0.585,0.836],[0.585,-0.836],[0,-1.463]]},"ix":2}},{"ty":"fl","bm":0,"hd":false,"mn":"ADBE Vector Graphic - Fill","nm":"Fill 1","c":{"a":0,"k":[0.0196,0.4706,0.9882],"ix":4},"r":1,"o":{"a":0,"k":100,"ix":5}},{"ty":"tr","a":{"a":0,"k":[0,0],"ix":1},"s":{"a":0,"k":[100,100],"ix":3},"sk":{"a":0,"k":0,"ix":4},"p":{"a":0,"k":[101.339,118.028],"ix":2},"r":{"a":0,"k":0,"ix":6},"sa":{"a":0,"k":0,"ix":5},"o":{"a":0,"k":100,"ix":7}}]},{"ty":"gr","bm":0,"hd":false,"mn":"ADBE Vector Group","nm":"Group 7","ix":7,"cix":2,"np":2,"it":[{"ty":"sh","bm":0,"hd":false,"mn":"ADBE Vector Shape - Group","nm":"Path 1","ix":1,"d":1,"ks":{"a":0,"k":{"c":true,"i":[[0,-0.346],[0,0],[-0.323,0],[0,0.347],[0,0],[0.323,0]],"o":[[0,0],[0,0.347],[0.323,0],[0,0],[0,-0.346],[-0.323,0]],"v":[[-0.585,-0.836],[-0.585,0.836],[0,1.463],[0.585,0.836],[0.585,-0.836],[0,-1.463]]},"ix":2}},{"ty":"st","bm":0,"hd":false,"mn":"ADBE Vector Graphic - Stroke","nm":"Stroke 1","lc":1,"lj":1,"ml":4,"o":{"a":0,"k":100,"ix":4},"w":{"a":0,"k":1.064,"ix":5},"c":{"a":0,"k":[0.0196,0.4706,0.9882],"ix":3}},{"ty":"tr","a":{"a":0,"k":[0,0],"ix":1},"s":{"a":0,"k":[100,100],"ix":3},"sk":{"a":0,"k":0,"ix":4},"p":{"a":0,"k":[91.694,118.028],"ix":2},"r":{"a":0,"k":0,"ix":6},"sa":{"a":0,"k":0,"ix":5},"o":{"a":0,"k":100,"ix":7}}]},{"ty":"gr","bm":0,"hd":false,"mn":"ADBE Vector Group","nm":"Group 8","ix":8,"cix":2,"np":4,"it":[{"ty":"sh","bm":0,"hd":false,"mn":"ADBE Vector Shape - Group","nm":"Path 1","ix":1,"d":1,"ks":{"a":0,"k":{"c":true,"i":[[0,-0.346],[0,0],[-0.323,0],[0,0.347],[0,0],[0.323,0]],"o":[[0,0],[0,0.347],[0.323,0],[0,0],[0,-0.346],[-0.323,0]],"v":[[-0.585,-0.836],[-0.585,0.836],[0,1.463],[0.585,0.836],[0.585,-0.836],[0,-1.463]]},"ix":2}},{"ty":"fl","bm":0,"hd":false,"mn":"ADBE Vector Graphic - Fill","nm":"Fill 1","c":{"a":0,"k":[0.0196,0.4706,0.9882],"ix":4},"r":1,"o":{"a":0,"k":100,"ix":5}},{"ty":"tr","a":{"a":0,"k":[0,0],"ix":1},"s":{"a":0,"k":[100,100],"ix":3},"sk":{"a":0,"k":0,"ix":4},"p":{"a":0,"k":[91.694,118.028],"ix":2},"r":{"a":0,"k":0,"ix":6},"sa":{"a":0,"k":0,"ix":5},"o":{"a":0,"k":100,"ix":7}}]},{"ty":"gr","bm":0,"hd":false,"mn":"ADBE Vector Group","nm":"Group 9","ix":9,"cix":2,"np":2,"it":[{"ty":"sh","bm":0,"hd":false,"mn":"ADBE Vector Shape - Group","nm":"Path 1","ix":1,"d":1,"ks":{"a":0,"k":{"c":true,"i":[[0,-0.333],[0,0],[1.473,0],[0,0],[0,-0.332],[-0.333,0],[0,0],[0,2.138],[0,0],[0.332,0]],"o":[[0,0],[0,1.473],[0,0],[-0.333,0],[0,0.332],[0,0],[2.137,0],[0,0],[0,-0.333],[-0.332,0]],"v":[[2.306,-2.908],[2.306,-0.301],[-0.301,2.306],[-2.908,2.306],[-3.51,2.908],[-2.908,3.51],[-0.301,3.51],[3.51,-0.301],[3.51,-2.908],[2.908,-3.51]]},"ix":2}},{"ty":"st","bm":0,"hd":false,"mn":"ADBE Vector Graphic - Stroke","nm":"Stroke 1","lc":1,"lj":1,"ml":4,"o":{"a":0,"k":100,"ix":4},"w":{"a":0,"k":1.064,"ix":5},"c":{"a":0,"k":[0.0196,0.4706,0.9882],"ix":3}},{"ty":"tr","a":{"a":0,"k":[0,0],"ix":1},"s":{"a":0,"k":[100,100],"ix":3},"sk":{"a":0,"k":0,"ix":4},"p":{"a":0,"k":[104.633,128.246],"ix":2},"r":{"a":0,"k":0,"ix":6},"sa":{"a":0,"k":0,"ix":5},"o":{"a":0,"k":100,"ix":7}}]},{"ty":"gr","bm":0,"hd":false,"mn":"ADBE Vector Group","nm":"Group 10","ix":10,"cix":2,"np":4,"it":[{"ty":"sh","bm":0,"hd":false,"mn":"ADBE Vector Shape - Group","nm":"Path 1","ix":1,"d":1,"ks":{"a":0,"k":{"c":true,"i":[[0,-0.333],[0,0],[1.473,0],[0,0],[0,-0.332],[-0.333,0],[0,0],[0,2.138],[0,0],[0.332,0]],"o":[[0,0],[0,1.473],[0,0],[-0.333,0],[0,0.332],[0,0],[2.137,0],[0,0],[0,-0.333],[-0.332,0]],"v":[[2.306,-2.908],[2.306,-0.301],[-0.301,2.306],[-2.908,2.306],[-3.51,2.908],[-2.908,3.51],[-0.301,3.51],[3.51,-0.301],[3.51,-2.908],[2.908,-3.51]]},"ix":2}},{"ty":"fl","bm":0,"hd":false,"mn":"ADBE Vector Graphic - Fill","nm":"Fill 1","c":{"a":0,"k":[0.0196,0.4706,0.9882],"ix":4},"r":1,"o":{"a":0,"k":100,"ix":5}},{"ty":"tr","a":{"a":0,"k":[0,0],"ix":1},"s":{"a":0,"k":[100,100],"ix":3},"sk":{"a":0,"k":0,"ix":4},"p":{"a":0,"k":[104.633,128.246],"ix":2},"r":{"a":0,"k":0,"ix":6},"sa":{"a":0,"k":0,"ix":5},"o":{"a":0,"k":100,"ix":7}}]},{"ty":"gr","bm":0,"hd":false,"mn":"ADBE Vector Group","nm":"Group 11","ix":11,"cix":2,"np":2,"it":[{"ty":"sh","bm":0,"hd":false,"mn":"ADBE Vector Shape - Group","nm":"Path 1","ix":1,"d":1,"ks":{"a":0,"k":{"c":true,"i":[[0,-0.333],[0,0],[-1.473,0],[0,0],[0,-0.332],[0.332,0],[0,0],[0,2.138],[0,0],[-0.332,0]],"o":[[0,0],[0,1.473],[0,0],[0.332,0],[0,0.332],[0,0],[-2.137,0],[0,0],[0,-0.333],[0.332,0]],"v":[[-2.306,-2.908],[-2.306,-0.301],[0.301,2.306],[2.909,2.306],[3.51,2.908],[2.909,3.51],[0.301,3.51],[-3.51,-0.301],[-3.51,-2.908],[-2.908,-3.51]]},"ix":2}},{"ty":"st","bm":0,"hd":false,"mn":"ADBE Vector Graphic - Stroke","nm":"Stroke 1","lc":1,"lj":1,"ml":4,"o":{"a":0,"k":100,"ix":4},"w":{"a":0,"k":1.064,"ix":5},"c":{"a":0,"k":[0.0196,0.4706,0.9882],"ix":3}},{"ty":"tr","a":{"a":0,"k":[0,0],"ix":1},"s":{"a":0,"k":[100,100],"ix":3},"sk":{"a":0,"k":0,"ix":4},"p":{"a":0,"k":[88.252,128.246],"ix":2},"r":{"a":0,"k":0,"ix":6},"sa":{"a":0,"k":0,"ix":5},"o":{"a":0,"k":100,"ix":7}}]},{"ty":"gr","bm":0,"hd":false,"mn":"ADBE Vector Group","nm":"Group 12","ix":12,"cix":2,"np":4,"it":[{"ty":"sh","bm":0,"hd":false,"mn":"ADBE Vector Shape - Group","nm":"Path 1","ix":1,"d":1,"ks":{"a":0,"k":{"c":true,"i":[[0,-0.333],[0,0],[-1.473,0],[0,0],[0,-0.332],[0.332,0],[0,0],[0,2.138],[0,0],[-0.332,0]],"o":[[0,0],[0,1.473],[0,0],[0.332,0],[0,0.332],[0,0],[-2.137,0],[0,0],[0,-0.333],[0.332,0]],"v":[[-2.306,-2.908],[-2.306,-0.301],[0.301,2.306],[2.909,2.306],[3.51,2.908],[2.909,3.51],[0.301,3.51],[-3.51,-0.301],[-3.51,-2.908],[-2.908,-3.51]]},"ix":2}},{"ty":"fl","bm":0,"hd":false,"mn":"ADBE Vector Graphic - Fill","nm":"Fill 1","c":{"a":0,"k":[0.0196,0.4706,0.9882],"ix":4},"r":1,"o":{"a":0,"k":100,"ix":5}},{"ty":"tr","a":{"a":0,"k":[0,0],"ix":1},"s":{"a":0,"k":[100,100],"ix":3},"sk":{"a":0,"k":0,"ix":4},"p":{"a":0,"k":[88.252,128.246],"ix":2},"r":{"a":0,"k":0,"ix":6},"sa":{"a":0,"k":0,"ix":5},"o":{"a":0,"k":100,"ix":7}}]},{"ty":"gr","bm":0,"hd":false,"mn":"ADBE Vector Group","nm":"Group 13","ix":13,"cix":2,"np":2,"it":[{"ty":"sh","bm":0,"hd":false,"mn":"ADBE Vector Shape - Group","nm":"Path 1","ix":1,"d":1,"ks":{"a":0,"k":{"c":true,"i":[[0,0.332],[0,0],[1.473,0],[0,0],[0,0.333],[-0.333,0],[0,0],[0,-2.138],[0,0],[0.332,0]],"o":[[0,0],[0,-1.474],[0,0],[-0.333,0],[0,-0.332],[0,0],[2.137,0],[0,0],[0,0.332],[-0.332,0]],"v":[[2.306,2.908],[2.306,0.301],[-0.301,-2.307],[-2.908,-2.307],[-3.51,-2.909],[-2.908,-3.51],[-0.301,-3.51],[3.51,0.301],[3.51,2.908],[2.908,3.51]]},"ix":2}},{"ty":"st","bm":0,"hd":false,"mn":"ADBE Vector Graphic - Stroke","nm":"Stroke 1","lc":1,"lj":1,"ml":4,"o":{"a":0,"k":100,"ix":4},"w":{"a":0,"k":1.064,"ix":5},"c":{"a":0,"k":[0.0196,0.4706,0.9882],"ix":3}},{"ty":"tr","a":{"a":0,"k":[0,0],"ix":1},"s":{"a":0,"k":[100,100],"ix":3},"sk":{"a":0,"k":0,"ix":4},"p":{"a":0,"k":[104.633,111.865],"ix":2},"r":{"a":0,"k":0,"ix":6},"sa":{"a":0,"k":0,"ix":5},"o":{"a":0,"k":100,"ix":7}}]},{"ty":"gr","bm":0,"hd":false,"mn":"ADBE Vector Group","nm":"Group 14","ix":14,"cix":2,"np":4,"it":[{"ty":"sh","bm":0,"hd":false,"mn":"ADBE Vector Shape - Group","nm":"Path 1","ix":1,"d":1,"ks":{"a":0,"k":{"c":true,"i":[[0,0.332],[0,0],[1.473,0],[0,0],[0,0.333],[-0.333,0],[0,0],[0,-2.138],[0,0],[0.332,0]],"o":[[0,0],[0,-1.474],[0,0],[-0.333,0],[0,-0.332],[0,0],[2.137,0],[0,0],[0,0.332],[-0.332,0]],"v":[[2.306,2.908],[2.306,0.301],[-0.301,-2.307],[-2.908,-2.307],[-3.51,-2.909],[-2.908,-3.51],[-0.301,-3.51],[3.51,0.301],[3.51,2.908],[2.908,3.51]]},"ix":2}},{"ty":"fl","bm":0,"hd":false,"mn":"ADBE Vector Graphic - Fill","nm":"Fill 1","c":{"a":0,"k":[0.0196,0.4706,0.9882],"ix":4},"r":1,"o":{"a":0,"k":100,"ix":5}},{"ty":"tr","a":{"a":0,"k":[0,0],"ix":1},"s":{"a":0,"k":[100,100],"ix":3},"sk":{"a":0,"k":0,"ix":4},"p":{"a":0,"k":[104.633,111.865],"ix":2},"r":{"a":0,"k":0,"ix":6},"sa":{"a":0,"k":0,"ix":5},"o":{"a":0,"k":100,"ix":7}}]},{"ty":"gr","bm":0,"hd":false,"mn":"ADBE Vector Group","nm":"Group 15","ix":15,"cix":2,"np":2,"it":[{"ty":"sh","bm":0,"hd":false,"mn":"ADBE Vector Shape - Group","nm":"Path 1","ix":1,"d":1,"ks":{"a":0,"k":{"c":true,"i":[[0,0.332],[0,0],[-1.473,0],[0,0],[0,0.333],[0.332,0],[0,0],[0,-2.138],[0,0],[-0.332,0]],"o":[[0,0],[0,-1.474],[0,0],[0.332,0],[0,-0.332],[0,0],[-2.137,0],[0,0],[0,0.332],[0.332,0]],"v":[[-2.306,2.908],[-2.306,0.301],[0.301,-2.307],[2.909,-2.307],[3.51,-2.909],[2.909,-3.51],[0.301,-3.51],[-3.51,0.301],[-3.51,2.908],[-2.908,3.51]]},"ix":2}},{"ty":"st","bm":0,"hd":false,"mn":"ADBE Vector Graphic - Stroke","nm":"Stroke 1","lc":1,"lj":1,"ml":4,"o":{"a":0,"k":100,"ix":4},"w":{"a":0,"k":1.064,"ix":5},"c":{"a":0,"k":[0.0196,0.4706,0.9882],"ix":3}},{"ty":"tr","a":{"a":0,"k":[0,0],"ix":1},"s":{"a":0,"k":[100,100],"ix":3},"sk":{"a":0,"k":0,"ix":4},"p":{"a":0,"k":[88.252,111.865],"ix":2},"r":{"a":0,"k":0,"ix":6},"sa":{"a":0,"k":0,"ix":5},"o":{"a":0,"k":100,"ix":7}}]},{"ty":"gr","bm":0,"hd":false,"mn":"ADBE Vector Group","nm":"Group 16","ix":16,"cix":2,"np":4,"it":[{"ty":"sh","bm":0,"hd":false,"mn":"ADBE Vector Shape - Group","nm":"Path 1","ix":1,"d":1,"ks":{"a":0,"k":{"c":true,"i":[[0,0.332],[0,0],[-1.473,0],[0,0],[0,0.333],[0.332,0],[0,0],[0,-2.138],[0,0],[-0.332,0]],"o":[[0,0],[0,-1.474],[0,0],[0.332,0],[0,-0.332],[0,0],[-2.137,0],[0,0],[0,0.332],[0.332,0]],"v":[[-2.306,2.908],[-2.306,0.301],[0.301,-2.307],[2.909,-2.307],[3.51,-2.909],[2.909,-3.51],[0.301,-3.51],[-3.51,0.301],[-3.51,2.908],[-2.908,3.51]]},"ix":2}},{"ty":"fl","bm":0,"hd":false,"mn":"ADBE Vector Graphic - Fill","nm":"Fill 1","c":{"a":0,"k":[0.0196,0.4706,0.9882],"ix":4},"r":1,"o":{"a":0,"k":100,"ix":5}},{"ty":"tr","a":{"a":0,"k":[0,0],"ix":1},"s":{"a":0,"k":[100,100],"ix":3},"sk":{"a":0,"k":0,"ix":4},"p":{"a":0,"k":[88.252,111.865],"ix":2},"r":{"a":0,"k":0,"ix":6},"sa":{"a":0,"k":0,"ix":5},"o":{"a":0,"k":100,"ix":7}}]},{"ty":"gr","bm":0,"hd":false,"mn":"ADBE Vector Group","nm":"Group 17","ix":17,"cix":2,"np":4,"it":[{"ty":"sh","bm":0,"hd":false,"mn":"ADBE Vector Shape - Group","nm":"Path 1","ix":1,"d":1,"ks":{"a":0,"k":{"c":true,"i":[[-11.75,0],[0,-11.75],[11.75,0],[0,11.749]],"o":[[11.75,0],[0,11.749],[-11.75,0],[0,-11.75]],"v":[[0.001,-21.275],[21.275,0.001],[0.001,21.275],[-21.275,0.001]]},"ix":2}},{"ty":"fl","bm":0,"hd":false,"mn":"ADBE Vector Graphic - Fill","nm":"Fill 1","c":{"a":0,"k":[0.2039,0.3216,0.3922],"ix":4},"r":1,"o":{"a":0,"k":100,"ix":5}},{"ty":"tr","a":{"a":0,"k":[0,0],"ix":1},"s":{"a":0,"k":[100,100],"ix":3},"sk":{"a":0,"k":0,"ix":4},"p":{"a":0,"k":[96.443,120.056],"ix":2},"r":{"a":0,"k":0,"ix":6},"sa":{"a":0,"k":0,"ix":5},"o":{"a":0,"k":100,"ix":7}}]}],"ind":5,"parent":11},{"ty":4,"nm":"Ethereum Outlines","sr":1,"st":0,"op":96,"ip":0,"hd":false,"ddd":0,"bm":0,"hasMask":false,"ao":0,"ks":{"a":{"a":0,"k":[64.718,195.768,0],"ix":1},"s":{"a":0,"k":[100,100,100],"ix":6},"sk":{"a":0,"k":0},"p":{"a":1,"k":[{"o":{"x":0.167,"y":0.167},"i":{"x":0.833,"y":0.833},"s":[80.499,189.303,0],"t":0,"ti":[0,0,0],"to":[-2.255,1.503,0]},{"o":{"x":0.167,"y":0.167},"i":{"x":0.833,"y":0.833},"s":[66.972,198.321,0],"t":48,"ti":[-2.255,1.503,0],"to":[0,0,0]},{"s":[80.499,189.303,0],"t":95}],"ix":2},"r":{"a":0,"k":0,"ix":10},"sa":{"a":0,"k":0},"o":{"a":0,"k":100,"ix":11}},"ef":[],"shapes":[{"ty":"gr","bm":0,"hd":false,"mn":"ADBE Vector Group","nm":"Group 1","ix":1,"cix":2,"np":4,"it":[{"ty":"sh","bm":0,"hd":false,"mn":"ADBE Vector Shape - Group","nm":"Path 1","ix":1,"d":1,"ks":{"a":0,"k":{"c":true,"i":[[0,0],[0,0],[0,0]],"o":[[0,0],[0,0],[0,0]],"v":[[-6.529,-0.892],[6.529,6.826],[6.529,-6.827]]},"ix":2}},{"ty":"fl","bm":0,"hd":false,"mn":"ADBE Vector Graphic - Fill","nm":"Fill 1","c":{"a":0,"k":[0.2235,0.2235,0.2235],"ix":4},"r":1,"o":{"a":0,"k":100,"ix":5}},{"ty":"tr","a":{"a":0,"k":[0,0],"ix":1},"s":{"a":0,"k":[100,100],"ix":3},"sk":{"a":0,"k":0,"ix":4},"p":{"a":0,"k":[58.06,195.795],"ix":2},"r":{"a":0,"k":0,"ix":6},"sa":{"a":0,"k":0,"ix":5},"o":{"a":0,"k":100,"ix":7}}]},{"ty":"gr","bm":0,"hd":false,"mn":"ADBE Vector Group","nm":"Group 2","ix":2,"cix":2,"np":4,"it":[{"ty":"sh","bm":0,"hd":false,"mn":"ADBE Vector Shape - Group","nm":"Path 1","ix":1,"d":1,"ks":{"a":0,"k":{"c":true,"i":[[0,0],[0,0],[0,0]],"o":[[0,0],[0,0],[0,0]],"v":[[-6.529,6.826],[6.529,-0.892],[-6.529,-6.826]]},"ix":2}},{"ty":"fl","bm":0,"hd":false,"mn":"ADBE Vector Graphic - Fill","nm":"Fill 1","c":{"a":0,"k":[0.0784,0.0784,0.0784],"ix":4},"r":1,"o":{"a":0,"k":100,"ix":5}},{"ty":"tr","a":{"a":0,"k":[0,0],"ix":1},"s":{"a":0,"k":[100,100],"ix":3},"sk":{"a":0,"k":0,"ix":4},"p":{"a":0,"k":[71.117,195.795],"ix":2},"r":{"a":0,"k":0,"ix":6},"sa":{"a":0,"k":0,"ix":5},"o":{"a":0,"k":100,"ix":7}}]},{"ty":"gr","bm":0,"hd":false,"mn":"ADBE Vector Group","nm":"Group 3","ix":3,"cix":2,"np":4,"it":[{"ty":"sh","bm":0,"hd":false,"mn":"ADBE Vector Shape - Group","nm":"Path 1","ix":1,"d":1,"ks":{"a":0,"k":{"c":true,"i":[[0,0],[0,0],[0,0]],"o":[[0,0],[0,0],[0,0]],"v":[[6.529,9.199],[6.529,-1.486],[-6.529,-9.199]]},"ix":2}},{"ty":"fl","bm":0,"hd":false,"mn":"ADBE Vector Graphic - Fill","nm":"Fill 1","c":{"a":0,"k":[0.549,0.549,0.549],"ix":4},"r":1,"o":{"a":0,"k":100,"ix":5}},{"ty":"tr","a":{"a":0,"k":[0,0],"ix":1},"s":{"a":0,"k":[100,100],"ix":3},"sk":{"a":0,"k":0,"ix":4},"p":{"a":0,"k":[58.06,206.583],"ix":2},"r":{"a":0,"k":0,"ix":6},"sa":{"a":0,"k":0,"ix":5},"o":{"a":0,"k":100,"ix":7}}]},{"ty":"gr","bm":0,"hd":false,"mn":"ADBE Vector Group","nm":"Group 4","ix":4,"cix":2,"np":4,"it":[{"ty":"sh","bm":0,"hd":false,"mn":"ADBE Vector Shape - Group","nm":"Path 1","ix":1,"d":1,"ks":{"a":0,"k":{"c":true,"i":[[0,0],[0,0],[0,0],[0,0],[0,0]],"o":[[0,0],[0,0],[0,0],[0,0],[0,0]],"v":[[-6.451,-1.486],[-6.612,-1.29],[-6.612,8.73],[-6.451,9.199],[6.613,-9.199]]},"ix":2}},{"ty":"fl","bm":0,"hd":false,"mn":"ADBE Vector Graphic - Fill","nm":"Fill 1","c":{"a":0,"k":[0.2353,0.2353,0.2314],"ix":4},"r":1,"o":{"a":0,"k":100,"ix":5}},{"ty":"tr","a":{"a":0,"k":[0,0],"ix":1},"s":{"a":0,"k":[100,100],"ix":3},"sk":{"a":0,"k":0,"ix":4},"p":{"a":0,"k":[71.041,206.579],"ix":2},"r":{"a":0,"k":0,"ix":6},"sa":{"a":0,"k":0,"ix":5},"o":{"a":0,"k":100,"ix":7}}]},{"ty":"gr","bm":0,"hd":false,"mn":"ADBE Vector Group","nm":"Group 5","ix":5,"cix":2,"np":4,"it":[{"ty":"sh","bm":0,"hd":false,"mn":"ADBE Vector Shape - Group","nm":"Path 1","ix":1,"d":1,"ks":{"a":0,"k":{"c":true,"i":[[0,0],[0,0],[0,0],[0,0]],"o":[[0,0],[0,0],[0,0],[0,0]],"v":[[6.529,-14.691],[-6.529,6.974],[6.529,14.691],[6.529,1.039]]},"ix":2}},{"ty":"fl","bm":0,"hd":false,"mn":"ADBE Vector Graphic - Fill","nm":"Fill 1","c":{"a":0,"k":[0.549,0.549,0.549],"ix":4},"r":1,"o":{"a":0,"k":100,"ix":5}},{"ty":"tr","a":{"a":0,"k":[0,0],"ix":1},"s":{"a":0,"k":[100,100],"ix":3},"sk":{"a":0,"k":0,"ix":4},"p":{"a":0,"k":[58.06,187.932],"ix":2},"r":{"a":0,"k":0,"ix":6},"sa":{"a":0,"k":0,"ix":5},"o":{"a":0,"k":100,"ix":7}}]},{"ty":"gr","bm":0,"hd":false,"mn":"ADBE Vector Group","nm":"Group 6","ix":6,"cix":2,"np":4,"it":[{"ty":"sh","bm":0,"hd":false,"mn":"ADBE Vector Shape - Group","nm":"Path 1","ix":1,"d":1,"ks":{"a":0,"k":{"c":true,"i":[[0,0],[0,0],[0,0],[0,0],[0,0]],"o":[[0,0],[0,0],[0,0],[0,0],[0,0]],"v":[[-6.386,-14.691],[-6.671,-13.722],[-6.671,14.407],[-6.386,14.691],[6.671,6.974]]},"ix":2}},{"ty":"fl","bm":0,"hd":false,"mn":"ADBE Vector Graphic - Fill","nm":"Fill 1","c":{"a":0,"k":[0.2039,0.2039,0.2039],"ix":4},"r":1,"o":{"a":0,"k":100,"ix":5}},{"ty":"tr","a":{"a":0,"k":[0,0],"ix":1},"s":{"a":0,"k":[100,100],"ix":3},"sk":{"a":0,"k":0,"ix":4},"p":{"a":0,"k":[70.975,187.932],"ix":2},"r":{"a":0,"k":0,"ix":6},"sa":{"a":0,"k":0,"ix":5},"o":{"a":0,"k":100,"ix":7}}]},{"ty":"gr","bm":0,"hd":false,"mn":"ADBE Vector Group","nm":"Group 7","ix":7,"cix":2,"np":4,"it":[{"ty":"sh","bm":0,"hd":false,"mn":"ADBE Vector Shape - Group","nm":"Path 1","ix":1,"d":1,"ks":{"a":0,"k":{"c":true,"i":[[-17.625,0],[0,-17.624],[17.625,0],[0,17.624]],"o":[[17.625,0],[0,17.624],[-17.625,0],[0,-17.624]],"v":[[0,-31.912],[31.912,0],[0,31.912],[-31.912,0]]},"ix":2}},{"ty":"fl","bm":0,"hd":false,"mn":"ADBE Vector Graphic - Fill","nm":"Fill 1","c":{"a":0,"k":[0.2039,0.3216,0.3922],"ix":4},"r":1,"o":{"a":0,"k":100,"ix":5}},{"ty":"tr","a":{"a":0,"k":[0,0],"ix":1},"s":{"a":0,"k":[100,100],"ix":3},"sk":{"a":0,"k":0,"ix":4},"p":{"a":0,"k":[64.533,194.517],"ix":2},"r":{"a":0,"k":0,"ix":6},"sa":{"a":0,"k":0,"ix":5},"o":{"a":0,"k":100,"ix":7}}]}],"ind":6,"parent":11},{"ty":4,"nm":"left Outlines","sr":1,"st":0,"op":96,"ip":0,"hd":false,"ddd":0,"bm":0,"hasMask":false,"ao":0,"ks":{"a":{"a":0,"k":[108.681,262.277,0],"ix":1},"s":{"a":0,"k":[100,100,100],"ix":6},"sk":{"a":0,"k":0},"p":{"a":0,"k":[108.681,262.277,0],"ix":2},"r":{"a":1,"k":[{"o":{"x":0.167,"y":0.167},"i":{"x":0.833,"y":0.833},"s":[0],"t":0},{"o":{"x":0.167,"y":0.167},"i":{"x":0.833,"y":0.833},"s":[-360],"t":48},{"s":[0],"t":95}],"ix":10},"sa":{"a":0,"k":0},"o":{"a":0,"k":100,"ix":11}},"ef":[],"shapes":[{"ty":"gr","bm":0,"hd":false,"mn":"ADBE Vector Group","nm":"Group 1","ix":1,"cix":2,"np":4,"it":[{"ty":"sh","bm":0,"hd":false,"mn":"ADBE Vector Shape - Group","nm":"Path 1","ix":1,"d":1,"ks":{"a":0,"k":{"c":true,"i":[[-1.316,0.223],[-0.224,-1.316],[1.316,-0.224],[0.222,1.317]],"o":[[1.316,-0.223],[0.222,1.317],[-1.317,0.222],[-0.224,-1.316]],"v":[[-0.404,-2.383],[2.385,-0.404],[0.405,2.385],[-2.383,0.404]]},"ix":2}},{"ty":"fl","bm":0,"hd":false,"mn":"ADBE Vector Graphic - Fill","nm":"Fill 1","c":{"a":0,"k":[0.6549,0.5882,1],"ix":4},"r":1,"o":{"a":0,"k":100,"ix":5}},{"ty":"tr","a":{"a":0,"k":[0,0],"ix":1},"s":{"a":0,"k":[100,100],"ix":3},"sk":{"a":0,"k":0,"ix":4},"p":{"a":0,"k":[116.935,265.805],"ix":2},"r":{"a":0,"k":0,"ix":6},"sa":{"a":0,"k":0,"ix":5},"o":{"a":0,"k":100,"ix":7}}]},{"ty":"gr","bm":0,"hd":false,"mn":"ADBE Vector Group","nm":"Group 2","ix":2,"cix":2,"np":4,"it":[{"ty":"sh","bm":0,"hd":false,"mn":"ADBE Vector Shape - Group","nm":"Path 1","ix":1,"d":1,"ks":{"a":0,"k":{"c":true,"i":[[-1.316,0.224],[-0.224,-1.316],[1.316,-0.223],[0.222,1.316]],"o":[[1.316,-0.223],[0.222,1.317],[-1.317,0.222],[-0.224,-1.316]],"v":[[-0.404,-2.383],[2.385,-0.403],[0.405,2.385],[-2.383,0.405]]},"ix":2}},{"ty":"fl","bm":0,"hd":false,"mn":"ADBE Vector Graphic - Fill","nm":"Fill 1","c":{"a":0,"k":[0.3725,0.9333,0.6431],"ix":4},"r":1,"o":{"a":0,"k":100,"ix":5}},{"ty":"tr","a":{"a":0,"k":[0,0],"ix":1},"s":{"a":0,"k":[100,100],"ix":3},"sk":{"a":0,"k":0,"ix":4},"p":{"a":0,"k":[109.694,252.013],"ix":2},"r":{"a":0,"k":0,"ix":6},"sa":{"a":0,"k":0,"ix":5},"o":{"a":0,"k":100,"ix":7}}]},{"ty":"gr","bm":0,"hd":false,"mn":"ADBE Vector Group","nm":"Group 3","ix":3,"cix":2,"np":4,"it":[{"ty":"sh","bm":0,"hd":false,"mn":"ADBE Vector Shape - Group","nm":"Path 1","ix":1,"d":1,"ks":{"a":0,"k":{"c":true,"i":[[-1.316,0.223],[-0.223,-1.316],[1.316,-0.224],[0.223,1.317]],"o":[[1.316,-0.223],[0.223,1.317],[-1.317,0.222],[-0.223,-1.316]],"v":[[-0.404,-2.383],[2.383,-0.404],[0.405,2.385],[-2.383,0.404]]},"ix":2}},{"ty":"fl","bm":0,"hd":false,"mn":"ADBE Vector Graphic - Fill","nm":"Fill 1","c":{"a":0,"k":[0.9843,0.651,0.498],"ix":4},"r":1,"o":{"a":0,"k":100,"ix":5}},{"ty":"tr","a":{"a":0,"k":[0,0],"ix":1},"s":{"a":0,"k":[100,100],"ix":3},"sk":{"a":0,"k":0,"ix":4},"p":{"a":0,"k":[99.251,266.351],"ix":2},"r":{"a":0,"k":0,"ix":6},"sa":{"a":0,"k":0,"ix":5},"o":{"a":0,"k":100,"ix":7}}]}],"ind":7,"parent":10},{"ty":4,"nm":"right Outlines","sr":1,"st":0,"op":96,"ip":0,"hd":false,"ddd":0,"bm":0,"hasMask":false,"ao":0,"ks":{"a":{"a":0,"k":[317.226,261.15,0],"ix":1},"s":{"a":0,"k":[100,100,100],"ix":6},"sk":{"a":0,"k":0},"p":{"a":0,"k":[317.226,261.15,0],"ix":2},"r":{"a":1,"k":[{"o":{"x":0.167,"y":0.167},"i":{"x":0.833,"y":0.833},"s":[0],"t":0},{"o":{"x":0.167,"y":0.167},"i":{"x":0.833,"y":0.833},"s":[360],"t":48},{"s":[0],"t":95}],"ix":10},"sa":{"a":0,"k":0},"o":{"a":0,"k":100,"ix":11}},"ef":[],"shapes":[{"ty":"gr","bm":0,"hd":false,"mn":"ADBE Vector Group","nm":"Group 1","ix":1,"cix":2,"np":4,"it":[{"ty":"sh","bm":0,"hd":false,"mn":"ADBE Vector Shape - Group","nm":"Path 1","ix":1,"d":1,"ks":{"a":0,"k":{"c":true,"i":[[0.944,0.944],[-0.944,0.944],[-0.944,-0.944],[0.944,-0.944]],"o":[[-0.944,-0.944],[0.944,-0.944],[0.944,0.944],[-0.944,0.944]],"v":[[-1.71,1.709],[-1.71,-1.71],[1.709,-1.71],[1.709,1.709]]},"ix":2}},{"ty":"fl","bm":0,"hd":false,"mn":"ADBE Vector Graphic - Fill","nm":"Fill 1","c":{"a":0,"k":[0.6549,0.5882,1],"ix":4},"r":1,"o":{"a":0,"k":100,"ix":5}},{"ty":"tr","a":{"a":0,"k":[0,0],"ix":1},"s":{"a":0,"k":[100,100],"ix":3},"sk":{"a":0,"k":0,"ix":4},"p":{"a":0,"k":[315.383,251.541],"ix":2},"r":{"a":0,"k":0,"ix":6},"sa":{"a":0,"k":0,"ix":5},"o":{"a":0,"k":100,"ix":7}}]},{"ty":"gr","bm":0,"hd":false,"mn":"ADBE Vector Group","nm":"Group 2","ix":2,"cix":2,"np":4,"it":[{"ty":"sh","bm":0,"hd":false,"mn":"ADBE Vector Shape - Group","nm":"Path 1","ix":1,"d":1,"ks":{"a":0,"k":{"c":true,"i":[[0.944,0.944],[-0.944,0.944],[-0.944,-0.944],[0.944,-0.944]],"o":[[-0.944,-0.944],[0.944,-0.944],[0.944,0.944],[-0.944,0.944]],"v":[[-1.709,1.709],[-1.709,-1.71],[1.71,-1.71],[1.71,1.709]]},"ix":2}},{"ty":"fl","bm":0,"hd":false,"mn":"ADBE Vector Graphic - Fill","nm":"Fill 1","c":{"a":0,"k":[0.3725,0.9333,0.6431],"ix":4},"r":1,"o":{"a":0,"k":100,"ix":5}},{"ty":"tr","a":{"a":0,"k":[0,0],"ix":1},"s":{"a":0,"k":[100,100],"ix":3},"sk":{"a":0,"k":0,"ix":4},"p":{"a":0,"k":[308.332,265.434],"ix":2},"r":{"a":0,"k":0,"ix":6},"sa":{"a":0,"k":0,"ix":5},"o":{"a":0,"k":100,"ix":7}}]},{"ty":"gr","bm":0,"hd":false,"mn":"ADBE Vector Group","nm":"Group 3","ix":3,"cix":2,"np":4,"it":[{"ty":"sh","bm":0,"hd":false,"mn":"ADBE Vector Shape - Group","nm":"Path 1","ix":1,"d":1,"ks":{"a":0,"k":{"c":true,"i":[[0.944,0.944],[-0.943,0.944],[-0.943,-0.943],[0.944,-0.943]],"o":[[-0.943,-0.943],[0.944,-0.943],[0.944,0.944],[-0.943,0.944]],"v":[[-1.71,1.709],[-1.71,-1.71],[1.709,-1.71],[1.709,1.709]]},"ix":2}},{"ty":"fl","bm":0,"hd":false,"mn":"ADBE Vector Graphic - Fill","nm":"Fill 1","c":{"a":0,"k":[0.9843,0.651,0.498],"ix":4},"r":1,"o":{"a":0,"k":100,"ix":5}},{"ty":"tr","a":{"a":0,"k":[0,0],"ix":1},"s":{"a":0,"k":[100,100],"ix":3},"sk":{"a":0,"k":0,"ix":4},"p":{"a":0,"k":[326.067,265.647],"ix":2},"r":{"a":0,"k":0,"ix":6},"sa":{"a":0,"k":0,"ix":5},"o":{"a":0,"k":100,"ix":7}}]}],"ind":8,"parent":10},{"ty":4,"nm":"eyes Outlines","sr":1,"st":0,"op":96,"ip":0,"hd":false,"ddd":0,"bm":0,"hasMask":false,"ao":0,"ks":{"a":{"a":0,"k":[212.39,227.332,0],"ix":1},"s":{"a":0,"k":[100,100,100],"ix":6},"sk":{"a":0,"k":0},"p":{"a":0,"k":[212.39,227.332,0],"ix":2},"r":{"a":0,"k":0,"ix":10},"sa":{"a":0,"k":0},"o":{"a":0,"k":100,"ix":11}},"ef":[],"shapes":[{"ty":"gr","bm":0,"hd":false,"mn":"ADBE Vector Group","nm":"Group 1","ix":1,"cix":2,"np":2,"it":[{"ty":"sh","bm":0,"hd":false,"mn":"ADBE Vector Shape - Group","nm":"Path 1","ix":1,"d":1,"ks":{"a":0,"k":{"c":false,"i":[[0,0],[11.793,0],[0,11.779]],"o":[[0,11.779],[-11.793,0],[0,0]],"v":[[21.354,-10.665],[-0.001,10.666],[-21.354,-10.665]]},"ix":2}},{"ty":"st","bm":0,"hd":false,"mn":"ADBE Vector Graphic - Stroke","nm":"Stroke 1","lc":1,"lj":1,"ml":4,"o":{"a":0,"k":100,"ix":4},"w":{"a":0,"k":6.009,"ix":5},"c":{"a":0,"k":[1,1,1],"ix":3}},{"ty":"tr","a":{"a":0,"k":[0,0],"ix":1},"s":{"a":0,"k":[100,100],"ix":3},"sk":{"a":0,"k":0,"ix":4},"p":{"a":0,"k":[182.396,266.237],"ix":2},"r":{"a":0,"k":0,"ix":6},"sa":{"a":0,"k":0,"ix":5},"o":{"a":0,"k":100,"ix":7}}]},{"ty":"gr","bm":0,"hd":false,"mn":"ADBE Vector Group","nm":"Group 2","ix":2,"cix":2,"np":2,"it":[{"ty":"sh","bm":0,"hd":false,"mn":"ADBE Vector Shape - Group","nm":"Path 1","ix":1,"d":1,"ks":{"a":0,"k":{"c":false,"i":[[0,0],[11.795,0],[0,11.779]],"o":[[0,11.779],[-11.792,0],[0,0]],"v":[[21.354,-10.665],[-0.001,10.666],[-21.354,-10.665]]},"ix":2}},{"ty":"st","bm":0,"hd":false,"mn":"ADBE Vector Graphic - Stroke","nm":"Stroke 1","lc":1,"lj":1,"ml":4,"o":{"a":0,"k":100,"ix":4},"w":{"a":0,"k":6.009,"ix":5},"c":{"a":0,"k":[1,1,1],"ix":3}},{"ty":"tr","a":{"a":0,"k":[0,0],"ix":1},"s":{"a":0,"k":[100,100],"ix":3},"sk":{"a":0,"k":0,"ix":4},"p":{"a":0,"k":[242.976,266.237],"ix":2},"r":{"a":0,"k":0,"ix":6},"sa":{"a":0,"k":0,"ix":5},"o":{"a":0,"k":100,"ix":7}}]}],"ind":9,"parent":10},{"ty":4,"nm":"body Outlines","sr":1,"st":0,"op":96,"ip":0,"hd":false,"ddd":0,"bm":0,"hasMask":false,"ao":0,"ks":{"a":{"a":0,"k":[212.39,227.332,0],"ix":1},"s":{"a":0,"k":[177.42,177.42,100],"ix":6},"sk":{"a":0,"k":0},"p":{"a":1,"k":[{"o":{"x":0.167,"y":0.167},"i":{"x":0.833,"y":0.833},"s":[399.89,399.832,0],"t":0,"ti":[0,0,0],"to":[0,8.333,0]},{"o":{"x":0.167,"y":0.167},"i":{"x":0.833,"y":0.833},"s":[399.89,449.832,0],"t":48,"ti":[0,8.333,0],"to":[0,0,0]},{"s":[399.89,399.832,0],"t":95}],"ix":2},"r":{"a":0,"k":0,"ix":10},"sa":{"a":0,"k":0},"o":{"a":0,"k":100,"ix":11}},"ef":[],"shapes":[{"ty":"gr","bm":0,"hd":false,"mn":"ADBE Vector Group","nm":"Group 1","ix":1,"cix":2,"np":4,"it":[{"ty":"sh","bm":0,"hd":false,"mn":"ADBE Vector Shape - Group","nm":"Path 1","ix":1,"d":1,"ks":{"a":0,"k":{"c":true,"i":[[0,0],[-47.606,0],[0,-47.952],[0,0],[-3.99,2.304],[-1.145,-1.985],[1.984,-1.147],[-2.229,-3.859],[-3.861,2.229],[2.228,3.859],[-1.986,1.144],[-1.148,-1.985],[4.068,-5.11],[0,0],[1.418,-5.294],[13.989,1.228],[0,0],[4.042,4.785],[0,0],[2.677,-3.169],[0,0],[2.678,3.168],[0,0],[2.676,-3.169],[0,0],[0,6.281],[0,0],[1.854,6.917],[-4.474,-3.342],[0,0],[-3.464,6],[-1.985,-1.148],[1.146,-1.985],[-3.86,-2.227],[-2.228,3.861],[3.861,2.228],[-1.146,1.985],[-1.985,-1.147],[-1.385,-2.759]],"o":[[0,-47.952],[47.607,0],[0,0],[1.045,-4.138],[1.985,-1.147],[1.146,1.985],[-3.862,2.228],[2.229,3.861],[3.859,-2.227],[-1.147,-1.985],[1.984,-1.148],[3.463,6],[0,0],[4.475,-3.342],[-1.91,7.127],[0,0],[0,6.281],[0,0],[-2.677,-3.169],[0,0],[-2.679,3.168],[0,0],[-2.677,-3.169],[0,0],[-4.042,4.785],[0,0],[-14.074,0.931],[-1.419,-5.294],[0,0],[-4.069,-5.11],[1.146,-1.985],[1.985,1.144],[-2.228,3.859],[3.86,2.229],[2.229,-3.859],[-1.985,-1.147],[1.147,-1.985],[2.873,1.659],[0,0]],"v":[[-86.823,-13.032],[-0.624,-99.857],[85.576,-13.032],[85.576,15.019],[93.263,4.848],[98.932,6.367],[97.414,12.036],[94.46,23.059],[105.485,26.013],[108.438,14.99],[109.958,9.322],[115.627,10.84],[114.256,29.23],[115.052,28.634],[124.589,34.733],[85.576,44.008],[85.576,84.375],[73.765,88.751],[47.582,57.759],[37.37,57.759],[4.483,96.689],[-5.73,96.689],[-38.617,57.759],[-48.829,57.759],[-75.012,88.751],[-86.823,84.375],[-86.823,44.103],[-124.588,34.733],[-115.051,28.634],[-114.254,29.23],[-115.625,10.84],[-109.956,9.322],[-108.437,14.99],[-105.483,26.013],[-94.459,23.059],[-97.413,12.036],[-98.932,6.367],[-93.262,4.848],[-86.823,11.665]]},"ix":2}},{"ty":"fl","bm":0,"hd":false,"mn":"ADBE Vector Graphic - Fill","nm":"Fill 1","c":{"a":0,"k":[0.2039,0.3216,0.3922],"ix":4},"r":1,"o":{"a":0,"k":100,"ix":5}},{"ty":"tr","a":{"a":0,"k":[0,0],"ix":1},"s":{"a":0,"k":[100,100],"ix":3},"sk":{"a":0,"k":0,"ix":4},"p":{"a":0,"k":[212.72,274.449],"ix":2},"r":{"a":0,"k":0,"ix":6},"sa":{"a":0,"k":0,"ix":5},"o":{"a":0,"k":100,"ix":7}}]}],"ind":10},{"ty":4,"nm":"Cloud Outlines","sr":1,"st":0,"op":96,"ip":0,"hd":false,"ddd":0,"bm":0,"hasMask":false,"ao":0,"ks":{"a":{"a":0,"k":[212.39,227.332,0],"ix":1},"s":{"a":0,"k":[177.42,177.42,100],"ix":6},"sk":{"a":0,"k":0},"p":{"a":1,"k":[{"o":{"x":0.167,"y":0.167},"i":{"x":0.833,"y":0.833},"s":[399.89,399.89,0],"t":0,"ti":[0,0,0],"to":[0,1.667,0]},{"o":{"x":0.167,"y":0.167},"i":{"x":0.833,"y":0.833},"s":[399.89,409.89,0],"t":48,"ti":[0,1.667,0],"to":[0,0,0]},{"s":[399.89,399.89,0],"t":95}],"ix":2},"r":{"a":0,"k":0,"ix":10},"sa":{"a":0,"k":0},"o":{"a":0,"k":100,"ix":11}},"ef":[],"shapes":[{"ty":"gr","bm":0,"hd":false,"mn":"ADBE Vector Group","nm":"Group 1","ix":1,"cix":2,"np":4,"it":[{"ty":"sh","bm":0,"hd":false,"mn":"ADBE Vector Shape - Group","nm":"Path 1","ix":1,"d":1,"ks":{"a":0,"k":{"c":true,"i":[[36.085,0],[11.874,12.211],[7.829,0],[8.208,2.201],[21.819,0],[15.217,8.748],[16.461,0],[5.291,1.38],[8.354,0],[0,29.971],[-14.32,9.773],[0,5.269],[-32.585,3.684],[-38.791,0],[-17.637,-13.849],[-13.933,0],[-3.921,-50.968],[0,-25.595]],"o":[[-18.4,0],[-7.306,1.714],[-8.907,0],[-16.703,11.485],[-18.824,0],[-11.489,10.024],[-5.724,0],[-7.072,3.358],[-30.036,0],[0,-18.618],[-1.183,-4.908],[0,-33.497],[17.779,-31.475],[24.184,0],[12.024,-5.184],[52.085,0],[21.509,10.67],[0,36.007]],"v":[[138.898,112.822],[92.001,93.025],[69.251,95.646],[43.506,92.271],[-15.258,110.48],[-66.952,96.725],[-109.942,112.822],[-126.511,110.708],[-149.851,115.946],[-204.236,61.681],[-180.518,16.861],[-182.329,1.561],[-124.424,-63.217],[-34.038,-115.947],[30.033,-93.837],[69.251,-101.893],[167.946,-10.786],[204.236,47.628]]},"ix":2}},{"ty":"fl","bm":0,"hd":false,"mn":"ADBE Vector Graphic - Fill","nm":"Fill 1","c":{"a":0,"k":[0.149,0.2157,0.2549],"ix":4},"r":1,"o":{"a":0,"k":100,"ix":5}},{"ty":"tr","a":{"a":0,"k":[0,0],"ix":1},"s":{"a":0,"k":[100,100],"ix":3},"sk":{"a":0,"k":0,"ix":4},"p":{"a":0,"k":[212.39,132.042],"ix":2},"r":{"a":0,"k":0,"ix":6},"sa":{"a":0,"k":0,"ix":5},"o":{"a":0,"k":100,"ix":7}}]}],"ind":11}],"v":"5.7.4","fr":24,"op":96,"ip":0,"assets":[]}